StudyID,AddrChanged_1,Address1,Address2,Address3,Address4,CurOcup,DayEvn1_1,DayEvn2_1,Email,EmailYN_1,Ext1,Ext2,FirstName,GP,GPdn,GPtown,NHSnum,Occupation_1,OtherName,Phone1,Phone2,Postcode,Q1_10_1,Q1_10occu,Q1_10other,Q1_11_1,Q1_11_10,Q1_11_11,Q1_11_1_fast,Q1_11_2,Q1_11_3,Q1_11_4,Q1_11_5,Q1_11_6,Q1_11_7,Q1_11_8,Q1_11_9,Q1_11other,Q1_9,Surname
104332,2,7 Abdul mews,Studio 0,Kentbury,Northamptonshire,PODIATRIST,2,3,rmclean@example.org,1,2753,5016,Sian,Warren-Scott,,West Allan,6467997024,1,Shaun,+44(0)115 4960473,09098790023,LD60 4ZA,3,,,1,,,1,,,,,,,,,,18,Adams
181960,2,06 King union,Studio 85,Stevenfurt,Cornwall,CIVIL SERVANT,3,,paynechristian@example.com,3,0463,3159,Lisa,Garner-Jones,,West Leonard,6299606530,1,Eileen,(0909) 879 0149,029 2018413,G4A 3HP,3,,,1,,,1,,,,,,,,,,16,Hamilton
013389,2,27 Brenda place,Studio 31,South Jackmouth,West Yorkshire,TECHNICAL ASSISTANT,3,3,hjohnston@example.com,1,7454,9965,Wendy,Cooper Ltd,,Youngton,7450544471,1,Victoria,+449098790864,+44116 496 0611,M8 1BT,2,,,1,,,1,,,,,,,,,,23,Begum
083863,2,6 Jake row,Studio 74P,Port Terryshire,West Sussex,TEACHER,3,3,geraldine73@example.net,1,9904,0477,Patrick,Webb LLC,,Lake Bryan,3247546913,1,Daniel,0117 496 0009,(0114) 4960780,CV2 5YJ,2,,,1,,,1,,,,,,,,,,16,Allen
794026,2,27 Adam green,Studio 1,Allenchester,East Dunbartonshire,STOP SMOKING NURSE,6,,annette73@example.org,,5301,3586,Melissa,Khan-Griffin,,Aliside,7367850821,1,Norman,0191 4960180,+44113 496 0681,M41 9HD,2,,,1,,,1,,,,,,,,,,18,Jones
542351,2,53 Mills trace,Flat 00,Geoffreyfurt,Anglesey,SPCCIAL NEEDS TEACHER,3,3,liamprice@example.net,,7426,6296,Julia,Hart Ltd,,Longview,4862890233,1,Samuel,0141 496 0356,01154960492,HG7E 9EZ,2,,,1,,,1,,,,,,,,,,21,Wright
161559,2,46 Lee mountains,Flat 71g,West Ronaldmouth,Falkirk,SCHOOL TEACHER,3,,zturner@example.net,3,8414,1943,Max,Rees PLC,,Khanborough,0307053%57,5,Scott,+441314960126,+44(0)114 496 0643,GU0Y 1BP,1,,,1,,,1,,,,,,,,,,25,Hall
407816,2,8 Bruce fork,Flat 82,Craigchester,City of Edinburgh,,3,3,dorothy51@example.net,1,5933,1142,Teresa,Morrison and Sons,,Lake Paige,8610357972,1,Marion,+44(0)28 9018944,(0118) 496 0472,WS6 1JZ,4,,,1,,,1,,,,,,,,,,,Duffy
184959,2,100 Marc villages,Studio 7,East Amandashire,Staffordshire,CUSTOMER SERV OFFICER,3,,clifford22@example.com,1,2727,6265,Elizabeth,Parsons-Dobson,,South Sarahfort,7985524140,1,Jenna,09098790869,+44(0)115 496 0820,S0 8BP,2,,,1,,,1,,,,,,,,,,16,Fuller
310341,,9 Shane crossroad,Flat 86L,Barryfurt,Cleveland,,,,adrianrobinson@example.org,,9568,5110,Nicola,"Hayes, Ali and Holmes",,Wardshire,6*29333346,1,Shaun,+44(0)131 496 0946,+441134960557,G5J 2BR,2,,,1,,,1,,,,,,,,,,16,Noble
316475,2,19 Natalie squares,Studio 26P,Declanbury,Shetland Islands,NURSING ASSISTANT,,,valeriepayne@example.net,0,7833,4754,Alison,Hopkins Inc,,Charlotteview,8007229034,5,Aaron,0306 9990368,+44(0)1514960848,SY99 3SN,2,,,1,,,1,,,,,,,,,,15,Andrews
255341,2,52 Ben inlet,Flat 7,Leslieland,North Yorkshire,TEACHER,3,,jade82@example.net,1,9187,1212,Keith,Mitchell PLC,,North Stanley,9446657437,1,Harriet,+443069990872,(0151)4960282,CT25 7YB,2,,,1,,,1,,,,,,,,,,22,Rees
928327,2,9 Graeme ports,Studio 64,New Deniseborough,Warwickshire,TEACHER,3,,collinspatricia@example.net,,8519,6788,Ashleigh,"Cooper, Robson and McLean",,North Leonard,4896910858,5,Sally,+44(0)131 4960887,+4420 74960979,S4B 8SF,2,,,1,,,1,,,,,,,,,,21,Griffiths
648350,2,663 Jenna spurs,Flat 5,Bruceberg,Merionethshire,SENIOR LECTURER,3,,xcarey@example.com,1,1088,8610,Colin,Smith Ltd,,Port Meganhaven,9944171545,1,Simon,(0118) 4960495,(0151) 496 0884,W83 6YH,2,,,1,,,1,,,,,,,,,,21,Bradley
305641,2,314 Anna tunnel,Flat 77,North Jacob,Cumbria,SHOP ASSISTANT,,,harveyelliott@example.net,3,3982,1581,Sophie,Smith PLC,,Fionabury,4443283096,5,Marion,+44306 999 0621,(0131) 4960783,L3B 6PY,2,,,1,,,1,,,,,,,,,,15,Vaughan
395376,,5 Adams cliff,Flat 51,Joeburgh,South Ayrshire,,,,powergail@example.net,,2587,9956,Katherine,"Atkinson, Kirby and Singh",,North Louis,5207446660,1,Sean,+44(0)1632960372,08081570174,E6 5QH,1,,,1,,,1,,,,,,,,,,19,Lamb
724238,2,506 Webb lake,Studio 58P,Port Abbie,Worcestershire,HEALTH VISITOR,3,,scott89@example.org,2,1397,0466,Ricky,Baker Ltd,,West Eleanor,9935387584,1,William,0115 4960386,+44(0)131 496 0642,HS9 4GQ,2,,,1,,,1,,,,,,,,,,18,Hughes
849696,2,726 Zoe run,Flat 06r,East Teresafort,Surrey,MANAGEMENT TRAINER,3,,annkerr@example.org,3,1870,1839,Annette,Martin-Jenkins,1,Port Geraldshire,2824172482,5,Mohammed,+44(0)306 999 0589,(0121)4960008,W9C 0JH,2,,,1,,,1,,,,,,,,,,21,Knowles
532871,2,98 Hall views,Flat 17,Mitchellshire,Greater Manchester,TEACHING ASSISTANT,3,,joyceleon@example.org,1,7286,8262,Laura,Morris LLC,,Evansburgh,5135346554,1,Garry,+44(0)29 2018026,(0808) 1570254,IG2Y 1BJ,2,,,1,,,1,,,,,,,,,,,Green
012269,2,945 Nicholas harbors,Flat 3,Daviesshire,Montgomeryshire,BANK CLERK,3,,brandonhudson@example.org,,7908,2444,Sandra,"Holloway, Bartlett and Watson",,East Jenna,94&1709991,5,Jeremy,+4428 9018 0012,0161 496 0807,G4A 1NT,2,,,1,,,1,,,,,,,,,,16,Warren
166978,2,37 Holt park,Studio 90d,Teresamouth,Denbighshire,OFFICE WORKER,3,,maureen41@example.com,3,7406,7212,Holly,Cooper-Smith,,Ameliastad,7381684602,5,Georgia,0161 496 0961,0306 9990740,BA53 3XW,2,,,1,,,1,,,,,,,,,,15,Shah
480184,2,27 Owen union,Flat 32Y,South Joseph,Breconshire,HEALTH CARE ASSISTANT,3,,heatherandrews@example.com,3,4039,6464,Toby,"Wright, Hill and Stewart",,Lake Bethstad,2356972521,5,Carol,(0114) 4960435,(0306) 9990649,NR7 0RY,2,,,1,,,1,,,,,,,,,,15,Cooke
514627,2,54 Humphreys path,Studio 31,Williamsport,Aberdeen City,ADMIN CLERK,3,,kayleighstokes@example.net,1,1065,7154,Kimberley,McDonald-Clarke,,New Roy,7525007432,1,June,+441144960906,+44(0)1174960085,NG0M 0NH,2,,,1,,,1,,,,,,,,,,18,Woods
048281,2,1 Jane overpass,Studio 39,Marieton,Radnorshire,NURSE,3,,kerrleslie@example.net,3,1801,3799,Paul,"Burton, Kaur and Lord",,Freemanburgh,9271296666,2,Lynne,+44141 496 0984,0117 496 0686,PR4A 0DR,2,,,1,,,1,,,,,,,,,,18,Savage
489325,2,377 James course,Flat 35,Kathleenland,Flintshire,RESEARCH SCIENTIST,3,,ronaldslater@example.net,2,7046,3712,Colin,Watson-Welch,,Thomaston,7600835058,5,Kim,01632960902,(0141)4960326,FK5B 4RJ,2,,,1,,,1,,,,,,,,,,19,Lane
288095,2,36 Stewart shore,Flat 90,Bethanymouth,Norfolk,NHS MANAGER,2,1,lynne00@example.org,1,2265,4065,Clare,Fox Inc,,New Gerald,30033542@6,1,Jack,+4428 9018770,+448081570634,ML15 9XD,2,,,1,,,1,,,,,,,,,,18,Burrows
701543,2,578 Field summit,Flat 22I,North Lauraport,Dundee City,TEACHING ASSISTANT,,2,wellsmelissa@example.com,1,6766,9657,Heather,Stevens-Preston,,New Lesleytown,8942104478,1,Irene,(0117) 496 0843,+441144960638,L87 0JW,4,,,1,,,1,,,,,,,,,,20,Hill
039117,2,557 Parkes fort,Flat 21Q,Lake Georgehaven,Antrim,ARTIST,3,,alexandrafletcher@example.net,1,1825,5692,Rosie,O'Sullivan-Johnson,,Jayneborough,9$56257532,6,Glen,+441134960988,(0306) 999 0944,HP7 2AQ,2,,,1,,,1,,,,,,,,,,22,Black
182278,2,3 Baldwin plain,Flat 2,Hallside,Dundee City,NURSE,3,2,stephensonteresa@example.net,3,1286,4593,Amelia,"Perkins, Davison and Ahmed",,West Edward,6033230982,1,Graham,+44(0)29 2018392,+44(0)28 9018846,HU5X 3WL,1,,,1,,,1,,,,,,,,,,21,Whitehead
248963,2,233 White radial,Flat 5,South Alexandraborough,Montgomeryshire,PROJECT ENGINEER,2,3,jemma47@example.org,1,8230,7526,Sarah,"Wilkinson, Richards and White",1,Darrentown,1506489090,1,Robin,(029) 2018053,0117 496 0122,M6 8LJ,2,,,1,,,1,,,,,,,,,,16,Chapman
834657,2,941 Bryan forks,Flat 95,Rachaelfort,East Lothian,TEACHER,1,2,ejordan@example.net,1,0478,5479,Philip,Hooper-Wall,,New Geraldine,1001676184,1,Lucy,+44(0)289018021,01214960179,N62 6WZ,2,,,1,,,1,,,,,,,,,,21,Davies
871331,2,24 Lindsey place,Flat 2,North Barbara,Surrey,& DIABETES SPECIALIST,2,1,steeleelizabeth@example.com,,6863,3564,Eleanor,Wilkinson Group,,Port Jamie,7230461849,1,Lynda,+44(0)118 4960656,+44151 4960497,SL3P 9FS,2,,,1,,,1,,,,,,,,,,18,Saunders
509839,2,4 Alexander plaza,Flat 02V,Port Glennland,Durham,CLERICAL,3,,mmartin@example.org,3,3752,6519,Patricia,"Thomson, Lee and Davies",,Liamstad,9261891411,5,Megan,+44141 4960938,0117 496 0502,PL5 8FH,5,,,1,,,1,,,,,,,,,,16,Tyler
301031,2,27 James ports,Studio 8,North Louis,Tyrone,LIBRARIAN,3,,stanley56@example.org,1,4310,3982,Charlie,Gordon Group,,Grantmouth,7393483564,1,Hayley,(0113) 496 0118,0114 496 0802,CR9V 2NW,2,,,1,,,1,,,,,,,,,,17,Johnston
051834,2,77 Cook center,Flat 1,Scotthaven,Carmarthenshire,OCCUPATIONALTHERAPIST,2,1,katherine81@example.com,1,6903,8073,Anne,"Watson, Smith and Smith",,Brandonberg,2087375300,1,Ronald,0121 496 0895,01154960442,S29 5DX,5,,,1,,,1,,,,,,,,,,21,Rogers
738299,2,71 Joanne overpass,Studio 7,West Christine,Durham,WARRANTY ADMIN,1,2,natalieblake@example.com,1,3119,7416,Phillip,Clark-Blackburn,,Lake Amanda,1197218114,1,Gerald,(0131) 4960439,(01632) 960 703,E2F 0PS,4,,,1,,,1,,,,,,,,,,17,Curtis
737631,2,9 Derek drive,Flat 89g,Charlottechester,Denbighshire,PART CELLO TEACHER,6,,patrickglover@example.com,1,0790,7243,Olivia,Gordon Ltd,,Brooksburgh,3744701204,6,Victoria,0117 4960769,+44(0)1144960207,GU74 3EF,5,,,1,,,1,,,,,,,,,,22,Williams
165667,2,413 Nicole track,Studio 8,Josephineton,North Lanarkshire,LIBRARIAN,3,,ataylor@example.org,1,3067,4266,Max,"Cox, Baldwin and Walters",,Francisshire,5561100225,1,Grace,0113 4960426,+44117 4960564,B99 9YZ,3,,,1,,,1,,,,,,,,,,22,Robinson
010651,,99 Zoe light,Flat 90,Garymouth,Norfolk,FECOLLEGE LECTURER,6,,tobymcdonald@example.net,1,3830,1797,Brandon,"Brown, Hughes and Ward",,South Mohammad,5794155216,5,Gareth,+44(0)161 496 0181,+44(0)306 999 0757,L30 1UF,2,,,1,,,1,,,,,,,,,,18,Ward
333872,2,74 Rogers river,Studio 84D,New Josephinefurt,Falkirk,AGENCY OWNER,3,,karl27@example.net,2,2843,9688,Glen,"Gill, Atkinson and Thompson",,Scottburgh,6_46762120,5,Carole,+441614960451,+44(0)29 2018051,W5C 7UF,5,,,1,,,1,,,,,,,,,,15,Archer
624731,2,9 Gavin road,Studio 00E,Howardberg,West Berkshire,BOOKEEPER,1,1,tmorley@example.com,1,9599,6805,Tom,Banks LLC,,Lake Marionfurt,2169797296,1,Justin,0808 1570848,+44(0)8081570204,L30 0LS,2,,,1,,,1,,,,,,,,,,16,Bailey
781080,2,4 Charles garden,Studio 6,Jonathanshire,Wiltshire,CABIN CREW MEMBER,,,greenlisa@example.net,,5342,8911,Lorraine,"Shah, Vaughan and Day",,East Mandymouth,5902771670,2,Sara,(0808) 1570947,+44306 999 0618,L31 7ZU,2,,,1,,,1,,,,,,,,,,18,Fleming
132677,2,8 Charles alley,Studio 17T,West Dylan,Gloucestershire,SHOP KEEPER,3,,nmorgan@example.net,1,8364,3529,Melissa,Dixon-Collins,,Lake Anna,1450899358,5,Katy,0141 496 0973,0161 496 0234,HG7H 6BZ,2,,,1,,,1,,,,,,,,,,15,Ahmed
360260,2,79 Harris fort,Studio 1,Clarkeland,Durham,TEACHER,3,,anthony04@example.com,,4089,0965,Callum,"Simpson, Johnson and Hughes",,South Patrickmouth,8916375628,5,Denise,0306 9990577,(0808)1570601,UB6Y 6ZY,2,,,1,,,1,,,,,,,,,,22,Clarke
647468,2,47 Joyce fort,Flat 5,Yvonnefurt,Wiltshire,BANK OFFICIAL,3,,ahussain@example.org,3,2687,6101,Anna,"Evans, Knight and Sullivan",,East Denismouth,9002877217,1,Arthur,+4420 7496 0071,(0306) 9990367,B8B 7BJ,2,,,1,,,1,,,,,,,,,,16,Harris
723430,2,93 Clark fork,Studio 21,Scotthaven,South Lanarkshire,BIOMEDICAL SCIENTIST,3,3,qmacdonald@example.net,1,0568,4388,Danielle,Fraser-Griffin,,Lake Craig,5354083866,1,Mohammed,+44118 496 0163,(0118) 496 0037,S0J 8BH,2,,,1,,,1,,,,,,,,,,17,Connolly
980500,2,242 Darren expressway,Flat 49,Lake Vanessachester,West Berkshire,TEACHER,3,,sophie50@example.com,1,5662,8993,Glenn,"Davies, Clark and Cox",,Katietown,3177971775,1,Joyce,(029)2018356,+441632960183,LA6 4TG,1,,,1,,,1,,,,,,,,,,22,Parry
978820,2,99 Williams mountain,Studio 98T,Jackstad,West Sussex,PROPERTY MANAGEMENT,3,,tylergordon@example.com,3,4628,7567,Jill,Thomas Inc,,Rhysbury,1701660880,1,Glenn,+44131 496 0880,0161 4960645,GY90 7TD,2,,,1,,,1,,,,,,,,,,16,Manning
812191,2,464 Williams rapid,Flat 69H,Jeremyborough,Aberdeenshire,SENIOR RECEPTIONIST,1,2,liam68@example.com,,7334,9825,Anthony,Thomas LLC,,West Douglasville,1994883755,1,Sandra,+44(0)292018434,(0116) 4960088,MK1E 6SP,5,,,1,,,1,,,,,,,,,,14,Campbell
361939,2,6 Butler burg,Flat 78M,Danielleborough,North Lanarkshire,CHECKOUT OPERATOR,,,sara91@example.org,3,2708,0714,Jordan,Wall-Gardner,,North Emmamouth,0375899757,1,Jodie,+44(0)1144960651,+44115 4960474,BB27 7DL,2,,,1,,,1,,,,,,,,,,15,Perry
909169,2,3 Ellie view,Studio 1,East Dean,Fermanagh,SECRETARY,3,,northdeclan@example.net,2,6688,6112,Nigel,Fisher Ltd,,Morganchester,1130554885,2,Marie,+44(0)191 496 0275,01174960503,SM2 1ET,2,,,1,,,1,,,,,,,,,,18,Evans
985435,,90 Pauline path,Studio 18U,West Oliverhaven,Carmarthenshire,,,,gareth39@example.net,,2634,5457,Kayleigh,"Lynch, Wilson and Smith",,Wallacestad,1027261493,1,Brian,+44131 496 0394,(0115) 4960365,HX1V 8ZG,4,,,1,,,1,,,,,,,,,,17,Taylor
346247,2,742 Thomson overpass,Flat 67,Lake Tomberg,Lincolnshire,LIBRARIAN,2,,cknight@example.org,1,3517,3875,Kelly,"Newton, Mason and Bradshaw",,Spencerfort,3163735160,1,Bernard,+44(0)116 4960373,(0113) 496 0249,NR60 5YF,2,,,1,,,1,,,,,,,,,,20,Taylor
510799,2,7 Miles islands,Flat 65,Nashburgh,Antrim,SALES ASSISTANT,3,,brettroberts@example.net,1,5183,7177,Andrew,Knight Inc,,East Alison,9177982708,5,Gemma,0118 496 0343,+44115 496 0630,G20 4NT,2,,,1,,,1,,,,,,,,,,16,Smith
118384,2,125 Faulkner heights,Studio 6,Lake Jennifer,Aberdeen City,STAFF NURSE,3,,gbray@example.org,1,0469,5140,Harry,Wilson PLC,,Port Joshuaport,0869782922,1,Emma,+44(0)117 4960339,+44(0)113 4960979,RG2 2HA,2,,,1,,,1,,,,,,,,,,19,Campbell
251354,2,680 Nicholson glen,Studio 1,South Juliebury,Glamorgan,TEACHER OF THE DEAF,3,,molly52@example.com,1,9013,1051,Charles,Watson Inc,,West Elliotville,1699586693,1,Wayne,+44131 4960211,(0116) 496 0513,M0H 7XA,2,,,1,,,1,,,,,,,,,,22,North
278498,2,16 Sylvia ways,Flat 65Q,Morrisonmouth,Aberdeenshire,DEVELOPMENT CHEMIST,2,3,jenna58@example.net,1,9837,2382,Chloe,Taylor-Griffin,,West Ronaldfurt,4654722698,1,Raymond,+441144960790,(0116) 4960719,W3D 7ST,1,,,1,,,1,,,,,,,,,,20,Stephens
084124,2,760 Maureen lake,Flat 52R,New Shane,Cornwall,CLASSROOM ASSISTANT,3,,twalters@example.com,,3540,8258,Caroline,Mills-Fisher,,Lake Keith,48583339*5,6,Andrew,(0306) 999 0807,01314960005,B3 9XH,2,,,1,,,1,,,,,,,,,,16,Cooper
118244,2,770 Vincent plaza,Studio 1,Paulineborough,Tyrone,,3,,chanellie@example.org,1,3317,6736,David,Connolly LLC,,West Marilynfort,2288515879,5,Reece,+44(0)1314960957,+44(0)28 9018 0281,G2 5BF,2,,,1,,,1,,,,,,,,,,21,Palmer
935348,2,4 Wallace oval,Flat 1,Josephineshire,Merionethshire,TEACHER/MANAGER,2,1,yjackson@example.net,1,3936,2266,Anne,"McKenzie, Cox and Smith",,South Hilaryburgh,9684608106,1,Zoe,+44(0)909 879 0947,+441154960735,M5 0ES,2,,,1,,,1,,,,,,,,,,20,Kaur
740164,2,0 Carolyn estate,Flat 6,Hallport,Orkney Islands,MIDWIFE,3,1,andersonarthur@example.net,1,3854,0937,Reece,Wright-Hughes,,Fraserville,20!3424420,1,Leanne,+44(0)116 4960846,+44(0)191 4960573,G49 7YQ,1,,,1,,,1,,,,,,,,,,18,Adams
005242,2,80 Green ville,Flat 5,Kerrchester,Denbighshire,RESEARCH SCIENTIST,3,,leejackson@example.org,1,6785,9660,Charlene,Hope PLC,,Russellborough,4380571983,2,Lydia,+441174960920,(0113)4960652,E4 5RD,2,,,1,,,1,,,,,,,,,,21,Jones
786801,2,7 Eileen village,Flat 80,Port Marc,Tyne and Wear,NETWORK COORDINATOR,6,2,rkennedy@example.org,1,4458,3341,Wayne,Hayes Group,,Harrisonside,8638406665,1,Samantha,01914960678,(0118) 4960077,WC81 7FE,1,,,1,,,1,,,,,,,,,,22,Kay
128059,2,7 Bond groves,Studio 88,Port Tony,Scottish Borders,NURSE,3,,allenbeth@example.org,1,7717,9182,Francesca,Barnes LLC,,Ireneport,8004397359,1,Kieran,+441134960856,+44(0)1914960487,WN4N 8HH,2,,,1,,,1,,,,,,,,,,18,Cooper
826204,2,77 Caroline plaza,Flat 16w,Lake Hayleystad,Derbyshire,SOCIAL WORKER,3,,jackwilliams@example.com,1,5355,5537,Josh,"Bryant, Shaw and Watson",,Frankville,8933472122,1,Lynda,(0909) 8790271,0117 496 0928,B1K 7ZN,2,,,1,,,1,,,,,,,,,,21,Bennett
505331,2,6 June pass,Studio 60s,Lake Georgiaville,Dorset,PRO BADMINTON COACH,3,,amymarshall@example.com,1,6093,1478,Sam,Reed Group,,South Alexandraside,8160648422,2,Lewis,+44(0)29 2018875,(0131)4960574,PL54 2ZY,2,,,,,,9,2,,,,,,,,EURASIAN,15,Gray
586923,2,214 Cook turnpike,Studio 45,Jakeburgh,Stirling,VETERINARY NURSE,3,2,vwong@example.net,,2048,5969,Henry,"Wood, Webb and Hill",1,Dyerstad,9405720259,1,Edward,+44292018003,+44909 879 0982,NE77 9JN,2,,,1,,,1,,,,,,,,,,,Nash
226025,2,404 Smart prairie,Flat 9,Barbarahaven,Scottish Borders,MEDICALRECEPTIONIST,3,,colemaureen@example.org,1,9964,6915,Colin,Burton Inc,,South Nicholasport,0947985158,1,Alice,0141 4960915,(0114)4960827,B10 1HZ,2,,,1,,,1,,,,,,,,,,15,Turner
634216,2,727 Ward plaza,Studio 32,Port Amanda,Breconshire,PROJECTS MGR -LGO,2,3,cheryl78@example.com,1,2353,5792,Abbie,Ellis Inc,,Ryantown,3281826886,1,Jayne,+441314960942,(0121) 496 0485,KA05 8HA,2,,,1,,,1,,,,,,,,,,17,Davies
073375,2,675 Amelia garden,Studio 73g,East Barbarastad,Monmouthshire,PHYSIOTHERAPIST,3,,kyle78@example.com,1,6937,4991,Rebecca,Woodward PLC,,East Kim,153355&439,5,Grace,+441914960434,+441514960086,DH4M 4NW,2,,,1,,,1,,,,,,,,,,21,Macdonald
433036,2,636 Elliott summit,Flat 85h,South Alexanderfurt,East Dunbartonshire,TEACHER,2,,sian49@example.com,1,8547,2513,Tony,Harrison-Patel,,Jonathanfort,8780157399,1,Ian,0161 496 0955,+441632 960209,N0B 5RY,3,,,1,,,1,,,,,,,,,,22,Hammond
541458,2,66 Olivia camp,Flat 93Z,Damianfurt,West Dunbartonshire,FORENSIC PSYCHOLOGIST,2,2,louiswhite@example.com,1,7725,4125,Jake,"Cunningham, Green and Browne",,West Patriciafort,3056164840,1,Stacey,+44(0)1164960763,(0909) 879 0593,B2D 5UU,4,,,1,,,1,,,,,,,,,,22,Brown
685014,2,8 Taylor well,Studio 8,West Francistown,Leicestershire,,3,,joelvaughan@example.net,3,2287,2866,Christine,Tucker-Swift,,Bowenview,8588770435,5,Stephanie,+44(0)1414960556,+44(0)121 4960186,G7 7XP,2,,,1,,,1,,,,,,,,,,16,Atkinson
294019,2,18 Brown divide,Studio 98,Nigelmouth,Cheshire,POLICE OFFICER,3,,holliecole@example.com,3,2808,9296,Rosie,Adams-Clarke,,Lake Paigefurt,8112880133,1,Terence,+44(0)1184960729,0117 496 0878,TN60 9PX,1,,,1,,,1,,,,,,,,,,18,Jones
655698,2,21 Porter greens,Flat 9,East Ian,Kent,,3,,ystone@example.net,3,0100,6278,Francesca,Smith-Saunders,,West Margaret,6138612075,5,Colin,+44(0)115 496 0931,(0116) 496 0945,B3K 5DF,2,,,1,,,1,,,,,,,,,,16,Williams
169340,2,96 Hugh walk,Studio 40l,Meganberg,North Lanarkshire,HR CONSULTANT/TRAINER,,,gerard19@example.net,1,6231,2827,Roger,Harrison-Newman,,Christianmouth,0110248193,1,Hayley,(01632) 960438,+441414960511,WC0 6XG,2,,,1,,,1,,,,,,,,,,16,Scott
608835,2,865 Carr camp,Flat 45w,Pattersontown,West Dunbartonshire,STUDENT MIDWIFE,3,,zwheeler@example.com,1,2038,4225,Lee,Price-Barnes,,West Chloemouth,4667665061,3,Katy,01514960632,0191 4960102,S2K 4PB,4,,,1,,,1,,,,,,,,,,18,Cunningham
615951,2,134 George mews,Flat 2,North Douglasborough,Aberdeen City,SELF EMPLOYED FASHION,,,gregorythomas@example.net,1,7509,7905,Hannah,Khan PLC,,Ericview,8091901581,5,Callum,0808 157 0270,+44(0)116 496 0031,KA1 3QT,5,,,1,,,1,,,,,,,,,,17,Graham
484656,2,1 Thompson hills,Flat 96,New Tina,Cleveland,PAEDIATRIC NURSE,3,,wardangela@example.net,1,9770,0723,Kayleigh,Bryan and Sons,,East Bethanville,4491476607,1,Mandy,+44(0)116 496 0672,(0161) 4960310,DN8 2EQ,2,,,1,,,1,,,,,,,,,,17,Sanderson
482366,2,0 Coles hill,Flat 2,Griffithsport,Hampshire,HOTELIER,3,3,catherine33@example.net,1,0886,6887,Stewart,Hall-Rowley,,Lake Leighside,2832684245,2,Sheila,0909 8790885,02074960678,L1 8AU,5,,,1,,,1,,,,,,,,,,16,Murphy
299468,2,56 Duncan pines,Studio 01V,West Adrian,Devon,,3,,chelsea42@example.org,1,0084,6767,Beth,"Evans, Welch and Price",,Coatesshire,0882100996,3,David,+44(0)306 999 0744,(028) 9018 0940,G3F 8NP,1,,,1,,,1,,,,,,,,,,,Pearson
044369,2,92 Clive common,Studio 36,East Samanthamouth,Somerset,DOCTOR,,,normanbentley@example.net,1,8408,7219,Donald,Pritchard-Baldwin,,New Benjamin,881435368_,1,Josephine,+44(0)1914960906,+44(0)131 496 0391,E82 0TR,2,,,1,,,1,,,,,,,,,,23,Butler
957773,2,693 Walker divide,Studio 7,North Dawnside,Shetland Islands,SYSTEMS MANAGER,2,1,kimbarnes@example.org,2,6211,0340,Anne,Mann LLC,,Summerschester,2239431290,1,Francesca,0115 4960203,(0113) 496 0371,WN8B 4BZ,5,,,1,,,1,,,,,,,,,,15,Field
872148,2,7 Nicholls shores,Flat 25t,Lake Katherineshire,Monmouthshire,SCHOOLTEACHER,3,,esheppard@example.org,,8233,4384,Abbie,"Harrison, Thomas and Lee",,Allenbury,8781414139,5,Sharon,(0808) 1570471,+44(0)1514960058,N7 1WN,2,,,1,,,1,,,,,,,,,,20,Gardner
951343,,7 Davies estate,Studio 59M,Lake Gareth,Monmouthshire,,,,christopherarnold@example.org,,9845,2797,George,Bray-Ellis,,Burnsfurt,7552314913,1,Zoe,+44151 4960545,+44(0)1632 960650,M3 3HN,2,,,1,,,1,,,,,,,,,,20,Bond
320037,2,7 Scott hills,Flat 0,Annetown,Radnorshire,ADMINISTRATOR,2,1,eriley@example.com,1,4615,8819,Geraldine,Frost-Parker,,New Alexandrahaven,5775949299,1,Emily,+441314960884,+44808 157 0948,NN5 1LF,4,,,1,,,1,,,,,,,,,,16,Fisher
917693,2,647 Ryan lights,Flat 29,Cameronshire,Highland,NURSE,3,,gerardpotter@example.net,,6793,1485,Neil,Smith-Scott,,North Lucy,5562053364,1,Lauren,(0131) 4960061,+44(0)113 4960141,M10 3XQ,2,,,1,,,1,,,,,,,,,,18,Power
676320,,13 Bradshaw ports,Flat 1,Kayland,Cleveland,,,,walkercraig@example.net,,3410,8078,David,Watson Group,,East Phillip,5257775478,1,Samuel,(0131)4960939,+44117 4960811,N4C 9JG,2,,,1,,,1,,,,,,,,,,21,Evans
163287,2,40 Robertson port,Flat 76F,Josephhaven,North Lanarkshire,LEARNING SUPPORT ASST,3,,eleanorhicks@example.org,3,1666,3613,Allan,"Morris, Smith and Hall",,East Luke,129142=341,1,Amelia,(020) 7496 0824,(01632)960386,M9 8TB,2,,,1,,,1,,,,,,,,,,16,Skinner
083172,2,097 Russell forks,Studio 76,South Paulineton,Lancashire,NURSE,,,helenyoung@example.org,,8700,4074,Lesley,O'Neill Inc,,Fergusonchester,1080996930,5,Melanie,+44131 496 0587,0117 496 0383,B70 6BD,2,,,1,,,1,,,,,,,,,,17,Butler
788957,2,533 Davies stravenue,Flat 38h,Robinsonview,West Dunbartonshire,CATERING ASSISTANT,3,3,turnerpatricia@example.com,2,2176,5171,Martin,Clarke Group,,Port Teresa,8488725639,1,Anne,+44306 999 0716,020 74960288,IV29 9QN,2,,,1,,,1,,,,,,,,,,16,Whitehead
986872,2,210 Pearson bypass,Flat 61s,West Josephstad,Aberdeenshire,NURSE,3,3,gregoryhawkins@example.org,1,5918,3395,Wayne,Holmes-Cross,,Port Marilyn,4278816580,1,Bernard,028 9018472,+44(0)141 4960195,TW3 7YF,1,,,1,,,1,,,,,,,,,,22,Baker
774348,2,521 Rose mall,Studio 97H,Lake Sylvia,Montgomeryshire,DOCTOR,3,3,kirsty91@example.com,1,0339,9629,Jenna,Jackson LLC,1,Stanleyland,3928272299,1,Hayley,+44909 879 0256,(029) 2018761,W1 4TU,1,,,1,,,1,,,,,,,,,,28,Smith
734714,2,3 Sheila wells,Studio 40o,Port Kimberleymouth,Montgomeryshire,TEACHER,3,,sandra88@example.com,1,7401,2330,Eric,Brown Inc,,South Suzannefurt,2750373145,1,Margaret,(028)9018996,+44116 496 0286,L29 5RG,2,,,1,,,1,,,,,,,,,,25,Knight
345581,2,88 Burke glens,Studio 9,North Jay,Aberdeen City,PERSONAL ASSISTANT,4,3,leannejones@example.org,1,4890,9584,Maureen,Poole Group,,Martynhaven,3038567700,1,Bruce,0909 8790112,+44(0)161 496 0528,SG5N 7AD,3,,,1,,,1,,,,,,,,,,18,Ali
223623,2,45 Jade club,Flat 0,Carlyburgh,Dorset,,3,,butcherclare@example.net,2,2503,9825,Gail,Green LLC,,Belltown,5184498926,2,Joan,(0131) 496 0355,+44(0)20 7496 0755,CH57 2NQ,2,,,1,,,1,,,,,,,,,,15,Kaur
166587,2,3 Morgan unions,Flat 43,Robinsonfort,Inverclyde,EXECUTIVE DIRECTOR,,,christian05@example.com,,9261,4494,Louise,Thomas Group,,Clarkberg,659=846386,5,Bethan,+44(0)289018449,+441914960556,G8B 1PX,2,,,1,,,1,,,,,,,,,,18,Owen
603669,2,516 Arthur plain,Flat 44,Port Barry,Hertfordshire,LOCAL GOVERNM OFFICER,2,1,clivemorrison@example.net,1,4293,8126,John,Thompson PLC,,New Joan,5577908272,1,Beverley,+44(0)28 9018 0647,(0306) 999 0659,BS4V 6YS,2,,,1,,,1,,,,,,,,,,16,Stewart
096705,2,7 Davies spring,Flat 10F,Lake Clareton,East Renfrewshire,LECTURER,3,1,gmason@example.com,1,9685,0422,John,Fuller-Byrne,,North Lynneville,31843222&9,1,Nigel,+44306 9990598,0118 4960983,L82 6DP,3,,,1,,,1,,,,,,,,,,21,Pearce
466889,2,96 Griffiths fort,Studio 62i,Reeceton,Monmouthshire,,3,,matthewsneil@example.org,,6218,3253,Bethan,Cooper Group,,Paulastad,1365177739,5,Diane,+44151 4960622,0141 496 0845,S69 8JG,2,,,1,,,1,,,,,,,,,,16,Cole
